ID_Uzorka;GPS_LAT;GPS_LONG
1;18,477155;77,396569
2;18,494464;77,386577
3;18,475121;77,387697
4;18,49947;77,389756
5;18,469794;77,369483
6;18,459915;77,389503
7;18,468913;77,389411
8;18,4824;77,375631
9;18,473184;77,402536
10;18,463137;77,384832
11;18,480454;77,376651
12;18,468212;77,381802
13;18,476574;77,379595
14;18,48472;77,395642
15;18,457253;77,37465
16;18,479355;77,376262
17;18,473407;77,397389
18;18,472216;77,408978
19;18,499939;77,376994
20;18,478644;77,396908
21;18,478807;77,390699
22;18,482662;77,375956
23;18,48212;77,363096
24;18,48447;77,389972
25;18,490698;77,381616
26;18,476729;77,374936
27;18,490476;77,388079
28;18,472244;77,38464
29;18,480501;77,386177
30;18,470224;77,388402
31;18,468611;77,395097
32;18,496882;77,389346
33;18,485084;77,401913
34;18,461078;77,383995
35;18,482575;77,378992
36;18,481598;77,39343
37;18,496562;77,36412
38;18,494014;77,421126
39;18,486536;77,373979
40;18,464808;77,391442
41;18,477196;77,383618
42;18,489323;77,381165
43;18,458935;77,374827
44;18,488898;77,381771
45;18,486259;77,403363
46;18,48293;77,396791
47;18,465511;77,395975
48;18,479135;77,386855
49;18,484817;77,399084
50;18,485127;77,386812
51;18,486861;77,391441
52;18,468456;77,399333
53;18,4942;77,399002
54;18,482809;77,370569
55;18,487274;77,397626
56;18,481224;77,396757
57;18,471272;77,372155
58;18,484214;77,398722
59;18,489387;77,40494
60;18,463286;77,400668
61;18,493561;77,369492
62;18,463731;77,376617
63;18,473214;77,404977
64;18,471957;77,37032
65;18,48282;77,390516
66;18,489512;77,401982
67;18,476475;77,382311
68;18,494388;77,385482
69;18,460674;77,391439
70;18,461419;77,392659
71;18,473528;77,384061
72;18,482643;77,392633
73;18,479748;77,375957
74;18,477767;77,413017
75;18,467636;77,391298
76;18,4747;77,382657
77;18,471059;77,398073
78;18,493029;77,392544
79;18,498419;77,391748
80;18,485182;77,397359
81;18,485311;77,390169
82;18,47973;77,407564
83;18,469467;77,415741
84;18,478096;77,378943
85;18,476861;77,397862
86;18,483762;77,394407
87;18,473236;77,38672
88;18,485249;77,376941
89;18,481481;77,392253
90;18,483363;77,393465
91;18,480668;77,386975
92;18,48563;77,373774
93;18,462112;77,383579
94;18,480492;77,396348
95;18,493584;77,381006
96;18,470349;77,387558
97;18,481872;77,384184
98;18,461441;77,380612
99;18,490406;77,385017
100;18,478889;77,384067
101;18,486036;77,385439
102;18,480662;77,386506
103;18,497018;77,400737
104;18,482787;77,397468
105;18,480675;77,375759
106;18,471502;77,378686
107;18,475846;77,39422
108;18,492144;77,379612
109;18,476879;77,406113
110;18,483997;77,396796
111;18,486204;77,413943
112;18,462666;77,388979
113;18,494627;77,412338
114;18,477569;77,391787
115;18,472891;77,375321
116;18,495596;77,365651
117;18,481847;77,412016
118;18,490002;77,39638
119;18,486676;77,382011
120;18,4781;77,401989
121;18,474441;77,367667
122;18,499632;77,392242
123;18,482664;77,404476
124;18,481694;77,385743
125;18,472628;77,396033
126;18,492138;77,39039
127;18,489625;77,380617
128;18,476664;77,382385
129;18,463423;77,404186
130;18,485455;77,392874
131;18,476302;77,38351
132;18,47614;77,379042
133;18,472138;77,386523
134;18,471795;77,38335
135;18,472771;77,384233
136;18,466644;77,401318
137;18,482762;77,389082
138;18,477494;77,419051
139;18,46802;77,392976
140;18,490779;77,387891
141;18,473911;77,381866
142;18,486313;77,389842
143;18,491678;77,399148
144;18,481882;77,399915
145;18,470835;77,386784
146;18,46274;77,396267
147;18,483308;77,384287
148;18,472851;77,379371
149;18,490522;77,396985
150;18,470666;77,414116
151;18,48234;77,401544
152;18,497767;77,395362
153;18,479336;77,398141
154;18,480933;77,388766
155;18,496552;77,382411
156;18,474536;77,387832
157;18,467568;77,391469
158;18,476197;77,398185
159;18,4757;77,386302
160;18,484864;77,38107
161;18,479265;77,390748
162;18,486924;77,394607
163;18,482629;77,389099
164;18,47343;77,378337
165;18,474577;77,40533
166;18,480843;77,401001
167;18,481865;77,381822
168;18,473385;77,385441
169;18,490283;77,383006
170;18,489505;77,38738
171;18,482732;77,400952
172;18,48073;77,3844
173;18,488577;77,390481
174;18,48386;77,389406
175;18,475125;77,384979
176;18,473269;77,385688
177;18,484614;77,380931
178;18,48703;77,395103
179;18,490894;77,394904
180;18,480868;77,389986
181;18,483164;77,375879
182;18,487199;77,386771
183;18,493019;77,386039
184;18,484388;77,380447
185;18,479268;77,390021
186;18,487186;77,391318
187;18,474914;77,394407
188;18,479302;77,390296
189;18,475029;77,406229
190;18,488088;77,376746
191;18,479705;77,408786
192;18,478003;77,410567
193;18,480969;77,39119
194;18,477426;77,388441
195;18,471864;77,386188
196;18,478227;77,409814
197;18,480717;77,393955
198;18,474679;77,39766
199;18,474167;77,38313
200;18,474936;77,377226
201;18,495956;77,389544
202;18,472251;77,409405
203;18,458556;77,398185
204;18,467771;77,408691
205;18,500928;77,374541
206;18,48557;77,40636
207;18,473909;77,380756
208;18,488958;77,396877
209;18,48171;77,417547
210;18,469253;77,398294
211;18,478269;77,38186
212;18,466085;77,38474
213;18,475829;77,385761
214;18,48286;77,389347
215;18,477394;77,395135
216;18,4958;77,397418
217;18,471978;77,392557
218;18,499299;77,395095
219;18,489874;77,391513
220;18,485641;77,374428
221;18,485285;77,41102
222;18,478875;77,378746
223;18,48907;77,400506
224;18,49121;77,393448
225;18,482986;77,399292
226;18,480148;77,376533
227;18,46231;77,399761
228;18,490648;77,395719
229;18,46715;77,389679
230;18,481485;77,390544
231;18,490115;77,393464
232;18,485125;77,389554
233;18,465318;77,394017
234;18,480521;77,389509
235;18,477755;77,372009
236;18,478969;77,37837
237;18,471431;77,382479
238;18,471729;77,394122
239;18,482869;77,393726
240;18,469779;77,383083
241;18,483603;77,374408
242;18,469004;77,391673
243;18,467588;77,389562
244;18,480886;77,38931
245;18,486164;77,39082
246;18,485488;77,381392
247;18,502213;77,390696
248;18,486631;77,384262
249;18,476485;77,402318
250;18,471269;77,400256
251;18,492838;77,376773
252;18,464781;77,401231
253;18,481648;77,39428
254;18,478784;77,393571
255;18,475626;77,377835
256;18,469382;77,369775
257;18,480038;77,387445
258;18,474439;77,390224
259;18,47868;77,404337
260;18,486801;77,376966
261;18,471641;77,35935
262;18,467144;77,388677
263;18,473415;77,389695
264;18,482294;77,385026
265;18,471787;77,386099
266;18,48525;77,37569
267;18,460912;77,38396
268;18,48375;77,403701
269;18,475843;77,398157
270;18,47155;77,374538
271;18,472323;77,372902
272;18,485754;77,381833
273;18,475974;77,386216
274;18,489765;77,394884
275;18,488793;77,372847
276;18,474597;77,393533
277;18,483312;77,382431
278;18,466644;77,396466
279;18,472457;77,398821
280;18,487932;77,401142
281;18,470689;77,388783
282;18,479164;77,397501
283;18,47043;77,375864
284;18,47727;77,399027
285;18,469995;77,384767
286;18,480066;77,400191
287;18,478256;77,371809
288;18,484082;77,377672
289;18,48314;77,40456
290;18,478574;77,382394
291;18,49969;77,379545
292;18,482448;77,399226
293;18,489198;77,379473
294;18,477568;77,390131
295;18,471598;77,393533
296;18,491709;77,386785
297;18,495776;77,410793
298;18,474228;77,3889
299;18,483635;77,394274
300;18,488844;77,382885
301;18,480833;77,366933
302;18,48842;77,377298
303;18,471355;77,388514
304;18,469382;77,397294
305;18,466696;77,384166
306;18,494109;77,398632
307;18,480539;77,403903
308;18,472475;77,370307
309;18,483169;77,377747
310;18,482439;77,379596
311;18,475798;77,389627
312;18,469474;77,390813
313;18,48749;77,391323
314;18,471984;77,383352
315;18,463949;77,375401
316;18,478691;77,394233
317;18,466021;77,389461
318;18,478568;77,395065
319;18,463515;77,380093
320;18,464676;77,382922
321;18,476997;77,395207
322;18,496469;77,375685
323;18,48853;77,400902
324;18,491322;77,390064
325;18,481913;77,380496
326;18,479483;77,394128
327;18,476277;77,381252
328;18,482948;77,387333
329;18,476807;77,400316
330;18,475539;77,382582
331;18,484682;77,394583
332;18,490391;77,409271
333;18,478353;77,39238
334;18,470329;77,406
335;18,472714;77,387457
336;18,492161;77,409067
337;18,480359;77,389254
338;18,488076;77,387401
339;18,482603;77,374295
340;18,469965;77,380419
341;18,479999;77,37593
342;18,479163;77,386573
343;18,471706;77,389784
344;18,461841;77,39499
345;18,484904;77,378471
346;18,475158;77,381872
347;18,490469;77,399545
348;18,488622;77,3948
349;18,482278;77,398791
350;18,481491;77,401549
351;18,467361;77,368443
352;18,495756;77,386634
353;18,475171;77,354254
354;18,489454;77,38713
355;18,488147;77,385702
356;18,464542;77,400389
357;18,477317;77,399873
358;18,484841;77,37988
359;18,480414;77,393636
360;18,474932;77,374177
361;18,486974;77,404533
362;18,478731;77,408966
363;18,467154;77,365852
364;18,483861;77,390849
365;18,490565;77,384257
366;18,484457;77,399504
367;18,487147;77,400304
368;18,481846;77,405816
369;18,482689;77,390484
370;18,471195;77,397281
371;18,469316;77,37767
372;18,470545;77,377863
373;18,473304;77,391627
374;18,480324;77,405658
375;18,467971;77,399372
376;18,4723;77,400381
377;18,46775;77,394725
378;18,484503;77,393892
379;18,502244;77,386362
380;18,494255;77,39045
381;18,474694;77,396777
382;18,485494;77,369925
383;18,477449;77,374996
384;18,479732;77,390995
385;18,471197;77,390976
386;18,47603;77,415902
387;18,469054;77,394464
388;18,483484;77,406957
389;18,480439;77,393513
390;18,48557;77,352281
391;18,471431;77,395193
392;18,467817;77,396679
393;18,466572;77,370498
394;18,478156;77,392145
395;18,488017;77,398019
396;18,469116;77,397202
397;18,482566;77,383015
398;18,47841;77,385121
399;18,474086;77,390528
400;18,481369;77,394993
401;18,501732;77,41345
402;18,453032;77,375668
403;18,477469;77,390054
404;18,485346;77,395575
405;18,46796;77,38013
406;18,479475;77,386585
407;18,483616;77,379635
408;18,470071;77,404713
409;18,490393;77,388601
410;18,487743;77,381981
411;18,48217;77,407826
412;18,47363;77,38558
413;18,491068;77,386286
414;18,477997;77,39373
415;18,487921;77,382344
416;18,471755;77,395369
417;18,464477;77,390435
418;18,47687;77,387018
419;18,471485;77,390263
420;18,491092;77,394125
421;18,455796;77,391219
422;18,495058;77,407167
423;18,480605;77,389441
424;18,481225;77,382047
425;18,485235;77,38661
426;18,487278;77,40875
427;18,499243;77,381762
428;18,477334;77,395399
429;18,470401;77,385268
430;18,467597;77,365115
431;18,466878;77,401669
432;18,469187;77,390543
433;18,492567;77,407964
434;18,471177;77,395135
435;18,499628;77,383155
436;18,478234;77,40545
437;18,474205;77,384488
438;18,479861;77,406329
439;18,474382;77,389691
440;18,472961;77,377161
441;18,471905;77,393216
442;18,479637;77,39722
443;18,455996;77,388496
444;18,475279;77,391768
445;18,495024;77,406357
446;18,475301;77,382258
447;18,484684;77,388638
448;18,483005;77,396831
449;18,482178;77,388145
450;18,488729;77,386172
451;18,476365;77,396046
452;18,489028;77,389829
453;18,482365;77,407009
454;18,485559;77,386586
455;18,468642;77,38166
456;18,473427;77,402188
457;18,47887;77,396557
458;18,472167;77,395789
459;18,486124;77,394418
460;18,479171;77,389155
461;18,487078;77,379731
462;18,500784;77,397408
463;18,493343;77,394064
464;18,475207;77,399648
465;18,472848;77,368439
466;18,470739;77,380267
467;18,485446;77,403105
468;18,478757;77,403243
469;18,482132;77,390443
470;18,489564;77,388212
471;18,467061;77,392895
472;18,505377;77,390195
473;18,490324;77,381023
474;18,486399;77,38771
475;18,481533;77,410994
476;18,476072;77,37415
477;18,487415;77,384348
478;18,489749;77,3804
479;18,49863;77,375301
480;18,490647;77,407399
481;18,488083;77,399142
482;18,481882;77,394765
483;18,487707;77,371301
484;18,480961;77,37842
485;18,477667;77,372129
486;18,479959;77,3875
487;18,473242;77,398067
488;18,474465;77,387334
489;18,484758;77,404672
490;18,48926;77,381747
491;18,484436;77,388587
492;18,471995;77,391493
493;18,472996;77,376733
494;18,469227;77,36441
495;18,472215;77,389678
496;18,47371;77,397544
497;18,487374;77,376913
498;18,489704;77,394179
499;18,492564;77,394376
500;18,484384;77,382116
501;18,469405;77,385994
502;18,489885;77,38473
503;18,46999;77,400497
504;18,500875;77,390597
505;18,502981;77,388035
506;18,494831;77,386802
507;18,497865;77,412292
508;18,468275;77,377406
509;18,482879;77,381465
510;18,483552;77,400741
511;18,484353;77,385151
512;18,474223;77,386531
513;18,489162;77,386916
514;18,482009;77,379389
515;18,480015;77,39169
516;18,47029;77,386666
517;18,471633;77,400813
518;18,492322;77,396759
519;18,488459;77,397113
520;18,483934;77,399692
521;18,490371;77,400609
522;18,491494;77,376279
523;18,477977;77,411472
524;18,474933;77,405635
525;18,469955;77,381723
526;18,456916;77,396841
527;18,476058;77,397848
528;18,481613;77,391261
529;18,466318;77,400935
530;18,462653;77,390376
531;18,480345;77,387639
532;18,486028;77,399846
533;18,472593;77,381835
534;18,475686;77,394036
535;18,467248;77,379805
536;18,485533;77,403678
537;18,48276;77,388878
538;18,46835;77,382907
539;18,462851;77,389847
540;18,474258;77,401154
541;18,471613;77,394284
542;18,462675;77,38553
543;18,488745;77,399834
544;18,469918;77,390991
545;18,479197;77,396344
546;18,475858;77,403547
547;18,473055;77,407972
548;18,485548;77,401189
549;18,485079;77,387298
550;18,471543;77,383048
551;18,499344;77,385662
552;18,489903;77,381825
553;18,493508;77,382789
554;18,470747;77,390189
555;18,470712;77,387553
556;18,470444;77,394013
557;18,476987;77,409429
558;18,4845;77,385526
559;18,479169;77,387193
560;18,487256;77,38488
561;18,482526;77,381723
562;18,478444;77,39481
563;18,474853;77,403607
564;18,505885;77,359211
565;18,483674;77,409452
566;18,488182;77,395006
567;18,486448;77,406617
568;18,482124;77,379734
569;18,480221;77,396973
570;18,466931;77,385024
571;18,467775;77,374267
572;18,499739;77,396807
573;18,48081;77,387187
574;18,472825;77,397226
575;18,47497;77,381479
576;18,46664;77,388681
577;18,490499;77,385567
578;18,48642;77,406294
579;18,476102;77,388883
580;18,472131;77,406479
581;18,473415;77,388208
582;18,480477;77,374578
583;18,468707;77,384079
584;18,48533;77,390583
585;18,476799;77,399061
586;18,480956;77,399453
587;18,487705;77,393566
588;18,473644;77,373249
589;18,473908;77,387807
590;18,507513;77,40005
591;18,472397;77,4219
592;18,48731;77,386997
593;18,476119;77,391437
594;18,484368;77,385109
595;18,485997;77,395299
596;18,489719;77,367923
597;18,468526;77,420534
598;18,473962;77,374376
599;18,45338;77,389907
600;18,49828;77,386979
601;18,489179;77,39277
602;18,472373;77,399348
603;18,476146;77,394655
604;18,479933;77,388014
605;18,469954;77,373947
606;18,484812;77,396061
607;18,488028;77,381158
608;18,46791;77,363938
609;18,498838;77,390528
610;18,488705;77,391611
611;18,476836;77,396673
612;18,462253;77,381196
613;18,475084;77,403401
614;18,478236;77,39718
615;18,478623;77,397637
616;18,476998;77,395956
617;18,49548;77,378563
618;18,493707;77,403914
619;18,492637;77,392097
620;18,509845;77,377758
621;18,476653;77,401472
622;18,463565;77,38526
623;18,484432;77,394069
624;18,491849;77,389815
625;18,479025;77,387451
626;18,492873;77,388964
627;18,487283;77,38936
628;18,494342;77,40887
629;18,480719;77,388326
630;18,479293;77,400164
631;18,479451;77,379427
632;18,476804;77,378547
633;18,463871;77,392402
634;18,4849;77,376603
635;18,48082;77,381889
636;18,464997;77,388333
637;18,480489;77,393352
638;18,498806;77,381271
639;18,472548;77,389917
640;18,491272;77,391703
641;18,479455;77,382907
642;18,468509;77,395428
643;18,466279;77,391591
644;18,485003;77,382476
645;18,467268;77,395971
646;18,474709;77,379078
647;18,478888;77,390656
648;18,479826;77,383199
649;18,466559;77,394535
650;18,476019;77,373116
651;18,46505;77,393939
652;18,487271;77,390493
653;18,468819;77,374123
654;18,45344;77,39558
655;18,488728;77,399954
656;18,491437;77,379698
657;18,464638;77,403865
658;18,479053;77,368596
659;18,483974;77,380492
660;18,474267;77,389917
661;18,485647;77,39137
662;18,506409;77,380747
663;18,455177;77,395144
664;18,466225;77,385905
665;18,478635;77,389112
666;18,488123;77,376919
667;18,47381;77,371894
668;18,486511;77,404853
669;18,485907;77,385519
670;18,490105;77,399127
671;18,472647;77,402572
672;18,491607;77,380867
673;18,49105;77,382912
674;18,46779;77,390374
675;18,468702;77,390812
676;18,488819;77,400177
677;18,45794;77,371363
678;18,484129;77,376724
679;18,476071;77,391834
680;18,476265;77,39897
681;18,493132;77,410544
682;18,49208;77,389734
683;18,477098;77,374922
684;18,489528;77,387874
685;18,475073;77,38681
686;18,485912;77,385903
687;18,491745;77,412236
688;18,476999;77,398369
689;18,482788;77,396091
690;18,473968;77,38316
691;18,474751;77,382507
692;18,474859;77,382492
693;18,47274;77,375718
694;18,482374;77,370393
695;18,468436;77,394546
696;18,481573;77,378101
697;18,4739;77,392365
698;18,491793;77,384894
699;18,482885;77,411339
700;18,49542;77,385876
701;18,467703;77,37789
702;18,461225;77,376266
703;18,486501;77,384674
704;18,467895;77,387454
705;18,495571;77,404296
706;18,488432;77,396493
707;18,47984;77,401435
708;18,493558;77,396416
709;18,500041;77,385512
710;18,492824;77,391191
711;18,481199;77,397185
712;18,487361;77,393217
713;18,487357;77,377199
714;18,482027;77,392162
715;18,489975;77,407221
716;18,487487;77,39693
717;18,490967;77,376472
718;18,481211;77,39887
719;18,485163;77,391775
720;18,489707;77,381598
721;18,472019;77,387619
722;18,480937;77,388447
723;18,480489;77,397608
724;18,480803;77,392346
725;18,492367;77,40186
726;18,474779;77,408098
727;18,480425;77,387664
728;18,47013;77,393485
729;18,484486;77,382042
730;18,476304;77,380069
731;18,47511;77,372111
732;18,465499;77,381502
733;18,453306;77,402039
734;18,484759;77,376053
735;18,471715;77,390394
736;18,499531;77,380158
737;18,485254;77,402074
738;18,477348;77,387645
739;18,491724;77,376285
740;18,483419;77,397743
741;18,488546;77,399514
742;18,488457;77,407666
743;18,453432;77,402121
744;18,467912;77,391725
745;18,453954;77,415648
746;18,471245;77,394503
747;18,482347;77,399605
748;18,482468;77,401044
749;18,489801;77,386769
750;18,48677;77,400136
751;18,484695;77,393188
752;18,488919;77,383833
753;18,473691;77,377392
754;18,474578;77,388609
755;18,470936;77,386714
756;18,489931;77,38498
757;18,486838;77,400337
758;18,481115;77,399165
759;18,469108;77,374673
760;18,496136;77,386532
761;18,482011;77,360327
762;18,492427;77,387252
763;18,486333;77,39511
764;18,503987;77,372195
765;18,474857;77,374922
766;18,487886;77,394331
767;18,47577;77,380749
768;18,485785;77,39212
769;18,480454;77,388281
770;18,474203;77,39145
771;18,482025;77,386701
772;18,488505;77,39384
773;18,49199;77,388677
774;18,475019;77,38541
775;18,484873;77,392699
776;18,475154;77,397038
777;18,474142;77,387747
778;18,483088;77,377662
779;18,484852;77,390521
780;18,506414;77,372462
781;18,468981;77,394227
782;18,472295;77,375395
783;18,49556;77,415888
784;18,46891;77,399233
785;18,501216;77,382836
786;18,498193;77,38309
787;18,478899;77,386238
788;18,472321;77,368395
789;18,483266;77,391569
790;18,47138;77,389656
791;18,477262;77,388765
792;18,51383;77,391889
793;18,483513;77,371503
794;18,462319;77,395785
795;18,482702;77,385007
796;18,48352;77,388259
797;18,471306;77,398106
798;18,475918;77,399608
799;18,483244;77,399675
800;18,485622;77,37319
801;18,473407;77,411025
802;18,493776;77,380588
803;18,483616;77,405337
804;18,479335;77,383808
805;18,460457;77,411913
806;18,480843;77,409287
807;18,488329;77,382906
808;18,480552;77,406175
809;18,489068;77,394687
810;18,468516;77,385856
811;18,484941;77,378111
812;18,479848;77,379964
813;18,48206;77,400375
814;18,473571;77,400147
815;18,48359;77,392633
816;18,506788;77,37837
817;18,477381;77,395516
818;18,470057;77,392751
819;18,498664;77,373836
820;18,49198;77,391829
821;18,485729;77,397093
822;18,468785;77,39949
823;18,480865;77,384315
824;18,494557;77,391164
825;18,4928;77,397141
826;18,475167;77,374106
827;18,488117;77,401704
828;18,48031;77,391155
829;18,479134;77,389135
830;18,480547;77,395635
831;18,468538;77,382993
832;18,482331;77,377338
833;18,478389;77,395707
834;18,489139;77,378256
835;18,480528;77,411977
836;18,482745;77,392372
837;18,476286;77,38774
838;18,49505;77,384615
839;18,496269;77,399088
840;18,454554;77,392619
841;18,471562;77,37513
842;18,475392;77,38913
843;18,481152;77,403007
844;18,479959;77,385504
845;18,480448;77,38486
846;18,474609;77,387601
847;18,468143;77,399138
848;18,482275;77,408954
849;18,48379;77,392145
850;18,471771;77,3841
851;18,478238;77,383151
852;18,471502;77,401479
853;18,471329;77,392746
854;18,501097;77,39455
855;18,498606;77,390261
856;18,474398;77,377025
857;18,465234;77,382619
858;18,499712;77,373396
859;18,475023;77,396436
860;18,479239;77,378525
861;18,478071;77,381736
862;18,508135;77,384991
863;18,491429;77,409899
864;18,484675;77,387023
865;18,483018;77,391437
866;18,467954;77,395708
867;18,476923;77,394417
868;18,476234;77,394594
869;18,486696;77,388159
870;18,473343;77,387381
871;18,474227;77,403964
872;18,488779;77,391986
873;18,475453;77,389578
874;18,468295;77,403074
875;18,487;77,395696
876;18,485702;77,381717
877;18,502161;77,386956
878;18,480021;77,390498
879;18,479202;77,382138
880;18,479641;77,385997
881;18,470692;77,388151
882;18,477486;77,384695
883;18,470682;77,385144
884;18,469215;77,399638
885;18,476691;77,385515
886;18,466168;77,386173
887;18,462898;77,366373
888;18,482369;77,391393
889;18,478143;77,384708
890;18,476927;77,393798
891;18,481554;77,382897
892;18,481041;77,378229
893;18,493275;77,380619
894;18,491595;77,397621
895;18,48186;77,391477
896;18,47462;77,398897
897;18,488008;77,395629
898;18,479794;77,382848
899;18,493265;77,408218
900;18,489911;77,394003
901;18,475409;77,40465
902;18,479843;77,38863
903;18,470329;77,377862
904;18,465083;77,40737
905;18,458759;77,383334
906;18,491241;77,391913
907;18,464731;77,396113
908;18,477121;77,390025
909;18,490985;77,372864
910;18,464615;77,398334
911;18,487301;77,376123
912;18,482522;77,380558
913;18,484404;77,387629
914;18,479037;77,390823
915;18,465791;77,38285
916;18,472687;77,393781
917;18,474141;77,406909
918;18,493085;77,400806
919;18,467384;77,392139
920;18,481051;77,397576
921;18,468518;77,396583
922;18,480458;77,392931
923;18,480299;77,391258
924;18,485732;77,404951
925;18,476046;77,385855
926;18,462304;77,388158
927;18,466857;77,420938
928;18,486743;77,38348
929;18,458878;77,387198
930;18,498496;77,397114
931;18,478704;77,382381
932;18,494782;77,398489
933;18,464961;77,398619
934;18,470953;77,381545
935;18,489319;77,382274
936;18,487762;77,402938
937;18,497072;77,383389
938;18,490344;77,396211
939;18,472361;77,385072
940;18,469587;77,390573
941;18,466262;77,393079
942;18,496598;77,389598
943;18,472565;77,399989
944;18,483517;77,386151
945;18,513213;77,404002
946;18,490763;77,390908
947;18,487277;77,391708
948;18,464911;77,391023
949;18,475481;77,391158
950;18,472212;77,391488
951;18,484012;77,379053
952;18,488034;77,380036
953;18,473763;77,387285
954;18,479595;77,392458
955;18,479966;77,386352
956;18,467374;77,393874
957;18,500069;77,385361
958;18,481618;77,375451
959;18,482872;77,389335
960;18,482933;77,405301
961;18,464086;77,392766
962;18,477982;77,386709
963;18,484002;77,392372
964;18,468668;77,387951
965;18,491502;77,398619
966;18,48239;77,400482
967;18,476755;77,393202
968;18,465359;77,389418
969;18,493617;77,380516
970;18,475017;77,388011
971;18,473311;77,398806
972;18,479202;77,375493
973;18,469745;77,380767
974;18,477281;77,401478
975;18,469593;77,367306
976;18,461296;77,376911
977;18,474718;77,375052
978;18,485075;77,380145
979;18,468758;77,384273
980;18,482284;77,380574
981;18,47662;77,405923
982;18,464862;77,388783
983;18,477617;77,380657
984;18,484763;77,399301
985;18,461212;77,389343
986;18,477173;77,391744
987;18,469857;77,384566
988;18,482932;77,404923
989;18,48101;77,38777
990;18,477892;77,390136
991;18,466896;77,406941
992;18,492634;77,385411
993;18,477751;77,404211
994;18,502865;77,383039
995;18,475621;77,39466
996;18,467574;77,394119
997;18,486867;77,402563
998;18,475594;77,396969
999;18,475603;77,401657
1000;18,483234;77,39221
1001;18,475089;77,378915
1002;18,476005;77,386531
1003;18,490576;77,397586
1004;18,490149;77,385033
1005;18,461588;77,385834
1006;18,470566;77,400801
1007;18,485322;77,398
1008;18,497845;77,40457
1009;18,470987;77,401342
1010;18,475672;77,404121
1011;18,479623;77,401246
1012;18,470061;77,389249
1013;18,462494;77,379872
1014;18,473592;77,39676
1015;18,481071;77,388747
1016;18,488093;77,397707
1017;18,483269;77,381814
1018;18,483784;77,381991
1019;18,482916;77,387979
1020;18,46454;77,389011
1021;18,490721;77,388675
1022;18,470846;77,397296
1023;18,480812;77,394677
1024;18,459916;77,39101
1025;18,48329;77,36886
1026;18,49472;77,391703
1027;18,485677;77,380293
1028;18,47896;77,383796
1029;18,48551;77,395014
1030;18,48677;77,372105
1031;18,475667;77,409015
1032;18,482338;77,388113
1033;18,48392;77,391313
1034;18,478087;77,398398
1035;18,493395;77,381403
1036;18,473536;77,379026
1037;18,471195;77,385703
1038;18,471063;77,396728
1039;18,475543;77,371529
1040;18,499582;77,369288
1041;18,488281;77,377573
1042;18,481307;77,392303
1043;18,47528;77,371348
1044;18,461711;77,385301
1045;18,47658;77,39764
1046;18,48846;77,389214
1047;18,48892;77,386529
1048;18,480872;77,385021
1049;18,485508;77,396897
1050;18,505532;77,368503
1051;18,474621;77,404279
1052;18,47587;77,370095
1053;18,483632;77,388361
1054;18,467601;77,39186
1055;18,488281;77,395352
1056;18,476392;77,375416
1057;18,469147;77,393929
1058;18,483036;77,396037
1059;18,455406;77,405413
1060;18,47073;77,393055
1061;18,471327;77,387735
1062;18,49027;77,38982
1063;18,484582;77,402307
1064;18,469382;77,396087
1065;18,487135;77,39994
1066;18,48461;77,390229
1067;18,483276;77,389679
1068;18,477823;77,387001
1069;18,489009;77,396961
1070;18,470007;77,391792
1071;18,479329;77,389276
1072;18,474657;77,387717
1073;18,471426;77,390212
1074;18,462194;77,405262
1075;18,468511;77,377269
1076;18,455848;77,392792
1077;18,476925;77,397067
1078;18,473687;77,392302
1079;18,476931;77,380872
1080;18,499069;77,389542
1081;18,490891;77,389649
1082;18,4775;77,391727
1083;18,470225;77,380526
1084;18,47101;77,362545
1085;18,489173;77,388932
1086;18,484081;77,388598
1087;18,488498;77,401496
1088;18,492823;77,383992
1089;18,484297;77,405277
1090;18,47381;77,390337
1091;18,472458;77,401764
1092;18,491656;77,405038
1093;18,474416;77,379417
1094;18,482139;77,375823
1095;18,497735;77,396396
1096;18,482802;77,401386
1097;18,492172;77,392087
1098;18,476414;77,384898
1099;18,490489;77,375504
1100;18,481961;77,401259
1101;18,487924;77,40692
1102;18,490426;77,406577
1103;18,481961;77,38351
1104;18,472198;77,381267
1105;18,47819;77,384363
1106;18,488202;77,386936
1107;18,498612;77,391843
1108;18,458182;77,394499
1109;18,479994;77,391527
1110;18,487107;77,390054
1111;18,473248;77,395794
1112;18,502167;77,400292
1113;18,478487;77,386479
1114;18,483256;77,390936
1115;18,479043;77,395023
1116;18,470622;77,391362
1117;18,484159;77,392098
1118;18,490878;77,371885
1119;18,460273;77,381133
1120;18,477198;77,378775
1121;18,478051;77,391799
1122;18,481221;77,384413
1123;18,486445;77,397476
1124;18,496711;77,372857
1125;18,496467;77,413901
1126;18,469681;77,379018
1127;18,471852;77,370729
1128;18,47263;77,397229
1129;18,456836;77,401807
1130;18,483532;77,397583
1131;18,473658;77,365643
1132;18,478557;77,377931
1133;18,473545;77,401667
1134;18,480986;77,39321
1135;18,482316;77,387664
1136;18,484747;77,373658
1137;18,465659;77,398807
1138;18,477841;77,392415
1139;18,486634;77,387559
1140;18,485121;77,38648
1141;18,489997;77,40626
1142;18,460755;77,415927
1143;18,480199;77,389178
1144;18,480042;77,396017
1145;18,478551;77,393849
1146;18,477932;77,392166
1147;18,474554;77,378192
1148;18,479502;77,398691
1149;18,470724;77,392984
1150;18,481425;77,399764
1151;18,495153;77,400834
1152;18,476511;77,382866
1153;18,496524;77,396783
1154;18,475194;77,398112
1155;18,482043;77,382969
1156;18,491516;77,386835
1157;18,493574;77,381149
1158;18,484509;77,395308
1159;18,481262;77,389148
1160;18,482281;77,3944
1161;18,475059;77,396606
1162;18,473698;77,380344
1163;18,48654;77,390793
1164;18,486249;77,393696
1165;18,473493;77,379638
1166;18,478766;77,382675
1167;18,498972;77,37956
1168;18,466268;77,393251
1169;18,469626;77,382681
1170;18,470226;77,395539
1171;18,492323;77,397765
1172;18,459666;77,369968
1173;18,483961;77,398212
1174;18,464574;77,378258
1175;18,489312;77,387462
1176;18,493083;77,383421
1177;18,482536;77,385358
1178;18,489436;77,380669
1179;18,486096;77,392406
1180;18,475065;77,390781
1181;18,470938;77,375723
1182;18,483653;77,382307
1183;18,495913;77,390994
1184;18,504463;77,377338
1185;18,485783;77,367438
1186;18,488441;77,389088
1187;18,492082;77,414824
1188;18,496207;77,401594
1189;18,479472;77,379129
1190;18,482833;77,386687
1191;18,470235;77,390703
1192;18,49021;77,394845
1193;18,482572;77,394559
1194;18,486812;77,381644
1195;18,48256;77,398942
1196;18,464654;77,387376
1197;18,476323;77,392472
1198;18,503968;77,387581
1199;18,477136;77,372315
1200;18,467995;77,373258
1201;18,471306;77,394336
1202;18,478296;77,416181
1203;18,494362;77,39823
1204;18,484591;77,384811
1205;18,481538;77,398753
1206;18,465932;77,38421
1207;18,488286;77,395372
1208;18,485746;77,392142
1209;18,487546;77,393079
1210;18,478668;77,413359
1211;18,479764;77,393075
1212;18,475178;77,380834
1213;18,484875;77,375459
1214;18,495061;77,396026
1215;18,464754;77,407146
1216;18,465265;77,387189
1217;18,467845;77,391725
1218;18,495324;77,38497
1219;18,484267;77,383237
1220;18,499335;77,377725
1221;18,480865;77,405305
1222;18,470111;77,381588
1223;18,476877;77,404335
1224;18,492286;77,379985
1225;18,468841;77,371049
1226;18,480481;77,394044
1227;18,481495;77,389382
1228;18,483007;77,404011
1229;18,466043;77,376715
1230;18,478841;77,393146
1231;18,485904;77,404564
1232;18,496602;77,392234
1233;18,477022;77,411794
1234;18,467646;77,377314
1235;18,480539;77,387336
1236;18,477197;77,39587
1237;18,495991;77,388241
1238;18,447632;77,375374
1239;18,483005;77,39528
1240;18,467203;77,376616
1241;18,484298;77,373904
1242;18,472438;77,388449
1243;18,470416;77,411223
1244;18,481328;77,401365
1245;18,477839;77,388477
1246;18,481873;77,389735
1247;18,473759;77,389511
1248;18,473706;77,387902
1249;18,478912;77,367512
1250;18,484698;77,392988
1251;18,477615;77,386275
1252;18,497224;77,385148
1253;18,479913;77,384165
1254;18,477997;77,378662
1255;18,47791;77,387365
1256;18,499148;77,40181
1257;18,470134;77,396681
1258;18,474781;77,398325
1259;18,463331;77,399849
1260;18,456377;77,387195
1261;18,486137;77,380826
1262;18,47697;77,387045
1263;18,482856;77,394332
1264;18,48036;77,396259
1265;18,480107;77,38878
1266;18,476418;77,399052
1267;18,485343;77,40386
1268;18,486295;77,397939
1269;18,460163;77,386417
1270;18,477519;77,378049
1271;18,485362;77,38152
1272;18,489304;77,385653
1273;18,495658;77,390929
1274;18,466411;77,397314
1275;18,491419;77,390579
1276;18,485424;77,385066
1277;18,486133;77,386171
1278;18,480975;77,392567
1279;18,474394;77,384658
1280;18,468035;77,386788
1281;18,479589;77,397339
1282;18,467093;77,382879
1283;18,475352;77,388915
1284;18,486058;77,392762
1285;18,474527;77,387512
1286;18,489369;77,390734
1287;18,471279;77,385557
1288;18,475808;77,423262
1289;18,480188;77,384944
1290;18,477784;77,381036
1291;18,490865;77,382529
1292;18,476087;77,387607
1293;18,47392;77,403625
1294;18,47951;77,39127
1295;18,482343;77,372181
1296;18,479669;77,406511
1297;18,478081;77,380324
1298;18,493854;77,402003
1299;18,474818;77,394162
1300;18,490616;77,390592
1301;18,495938;77,381532
1302;18,489662;77,391851
1303;18,488351;77,386583
1304;18,480862;77,385394
1305;18,47629;77,374277
1306;18,490692;77,386611
1307;18,483768;77,385765
1308;18,46865;77,382151
1309;18,482931;77,388412
1310;18,484607;77,400989
1311;18,475295;77,393814
1312;18,500578;77,39417
1313;18,477621;77,39883
1314;18,478865;77,403296
1315;18,4867;77,385936
1316;18,516618;77,40299
1317;18,472271;77,392053
1318;18,468097;77,389534
1319;18,472221;77,392462
1320;18,462448;77,382674
1321;18,472766;77,37916
1322;18,475383;77,385841
1323;18,495558;77,378325
1324;18,469217;77,407304
1325;18,490643;77,393045
1326;18,4898;77,390724
1327;18,477812;77,388578
1328;18,489111;77,405458
1329;18,471538;77,397159
1330;18,47891;77,37763
1331;18,474701;77,392907
1332;18,480936;77,378883
1333;18,496166;77,397765
1334;18,48783;77,378866
1335;18,476412;77,398033
1336;18,473105;77,39257
1337;18,479598;77,393153
1338;18,47879;77,380197
1339;18,464752;77,401175
1340;18,47133;77,390013
1341;18,470191;77,389546
1342;18,468949;77,39093
1343;18,475131;77,398575
1344;18,470859;77,382266
1345;18,466922;77,392223
1346;18,472888;77,395704
1347;18,487762;77,391682
1348;18,469358;77,397234
1349;18,486847;77,398537
1350;18,469456;77,386005
1351;18,475654;77,386327
1352;18,477378;77,391884
1353;18,477633;77,382314
1354;18,46978;77,387929
1355;18,477237;77,372051
1356;18,491095;77,390085
1357;18,483056;77,396625
1358;18,480429;77,383754
1359;18,489448;77,385957
1360;18,477577;77,370037
1361;18,489572;77,399876
1362;18,470463;77,385196
1363;18,465856;77,379747
1364;18,480979;77,377148
1365;18,486038;77,387757
1366;18,478128;77,393597
1367;18,473611;77,400803
1368;18,479793;77,38228
1369;18,48307;77,393008
1370;18,493096;77,39399
1371;18,4696;77,374327
1372;18,485648;77,383284
1373;18,455193;77,396677
1374;18,48328;77,392258
1375;18,463851;77,36657
1376;18,4885;77,395037
1377;18,49183;77,383524
1378;18,474747;77,395036
1379;18,467893;77,383935
1380;18,483985;77,389883
1381;18,492738;77,393073
1382;18,48757;77,402531
1383;18,473651;77,391895
1384;18,483071;77,380911
1385;18,479314;77,381943
1386;18,472251;77,405299
1387;18,475462;77,405536
1388;18,462369;77,387489
1389;18,466331;77,392584
1390;18,489447;77,396429
1391;18,473438;77,394663
1392;18,515883;77,39446
1393;18,492371;77,398631
1394;18,478828;77,405881
1395;18,484096;77,40769
1396;18,468816;77,394762
1397;18,478147;77,396916
1398;18,487694;77,394971
1399;18,472768;77,4003
1400;18,484105;77,396069
1401;18,488995;77,387452
1402;18,489181;77,389072
1403;18,485032;77,387321
1404;18,463458;77,416124
1405;18,464033;77,387023
1406;18,474822;77,396882
1407;18,480018;77,39913
1408;18,481867;77,365391
1409;18,48827;77,3876
1410;18,481715;77,385923
1411;18,480526;77,374258
1412;18,472092;77,391937
1413;18,474946;77,401522
1414;18,477601;77,395811
1415;18,475168;77,401617
1416;18,477016;77,405827
1417;18,494148;77,3796
1418;18,479857;77,409087
1419;18,473184;77,38953
1420;18,492294;77,376114
1421;18,464578;77,384746
1422;18,478054;77,37454
1423;18,500763;77,380317
1424;18,4738;77,408894
1425;18,492864;77,3677
1426;18,494161;77,385255
1427;18,463184;77,377843
1428;18,479634;77,396162
1429;18,496441;77,389891
1430;18,485208;77,405853
1431;18,467157;77,390913
1432;18,480771;77,385556
1433;18,482814;77,403505
1434;18,481443;77,41308
1435;18,481379;77,379094
1436;18,48829;77,400407
1437;18,488629;77,38962
1438;18,489703;77,383533
1439;18,45963;77,39658
1440;18,488976;77,370039
1441;18,479677;77,390527
1442;18,488382;77,395579
1443;18,489528;77,37821
1444;18,480423;77,381746
1445;18,488896;77,399064
1446;18,486744;77,374141
1447;18,475638;77,397902
1448;18,466899;77,371616
1449;18,467568;77,390658
1450;18,476195;77,396402
1451;18,486682;77,390645
1452;18,493202;77,376442
1453;18,470259;77,396536
1454;18,483055;77,399407
1455;18,48222;77,374486
1456;18,475861;77,39869
1457;18,483165;77,396529
1458;18,469588;77,378665
1459;18,473669;77,372051
1460;18,47602;77,378904
1461;18,490024;77,386087
1462;18,479111;77,400304
1463;18,483058;77,374622
1464;18,497502;77,388856
1465;18,478924;77,391917
1466;18,478499;77,384325
1467;18,496514;77,391547
1468;18,471911;77,394547
1469;18,477687;77,393145
1470;18,485615;77,395192
1471;18,48549;77,383706
1472;18,485881;77,395598
1473;18,487534;77,382079
1474;18,498034;77,401726
1475;18,467406;77,404875
1476;18,470928;77,381669
1477;18,483724;77,392589
1478;18,499132;77,397043
1479;18,478803;77,396776
1480;18,47096;77,392958
1481;18,469297;77,394889
1482;18,487163;77,390913
1483;18,485151;77,3976
1484;18,480354;77,404638
1485;18,485856;77,391
1486;18,487795;77,38462
1487;18,491161;77,396504
1488;18,468982;77,381923
1489;18,471512;77,385854
1490;18,482733;77,386957
1491;18,485972;77,40189
1492;18,472587;77,390819
1493;18,484707;77,409847
1494;18,470475;77,39966
1495;18,471577;77,397286
1496;18,494115;77,378076
1497;18,473426;77,39333
1498;18,501558;77,385313
1499;18,49776;77,388421
1500;18,473304;77,398902
1501;18,454498;77,395102
1502;18,478065;77,39715
1503;18,474645;77,398058
1504;18,473992;77,387954
1505;18,476111;77,385312
1506;18,499795;77,389467
1507;18,472724;77,395001
1508;18,490832;77,387881
1509;18,473567;77,398318
1510;18,481322;77,362023
1511;18,50095;77,391303
1512;18,490825;77,401368
1513;18,476959;77,378806
1514;18,483394;77,383554
1515;18,478156;77,380444
1516;18,488429;77,400303
1517;18,473674;77,404534
1518;18,479713;77,395957
1519;18,480291;77,390314
1520;18,491526;77,401825
1521;18,494963;77,388209
1522;18,479979;77,384381
1523;18,482333;77,388261
1524;18,484283;77,392242
1525;18,493809;77,380843
1526;18,482217;77,385214
1527;18,485169;77,389931
1528;18,490933;77,385213
1529;18,486519;77,385326
1530;18,47531;77,40994
1531;18,468673;77,381975
1532;18,478298;77,398327
1533;18,47858;77,387632
1534;18,499461;77,379036
1535;18,488751;77,386829
1536;18,502939;77,401678
1537;18,495329;77,390215
1538;18,49009;77,403643
1539;18,483309;77,399075
1540;18,480402;77,406979
1541;18,467685;77,399786
1542;18,485647;77,381478
1543;18,489213;77,39652
1544;18,486524;77,397461
1545;18,473955;77,400839
1546;18,474774;77,399506
1547;18,48384;77,390727
1548;18,478318;77,375656
1549;18,50153;77,364666
1550;18,459223;77,397345
1551;18,484861;77,376215
1552;18,483337;77,38953
1553;18,466488;77,376422
1554;18,475571;77,402304
1555;18,483638;77,380692
1556;18,486713;77,390305
1557;18,49846;77,386677
1558;18,470565;77,390069
1559;18,477724;77,410176
1560;18,471321;77,383325
1561;18,485614;77,366174
1562;18,47273;77,398591
1563;18,488177;77,404458
1564;18,487547;77,392931
1565;18,467458;77,393411
1566;18,484969;77,381012
1567;18,481421;77,377872
1568;18,470652;77,39467
1569;18,473064;77,379093
1570;18,495851;77,397726
1571;18,467764;77,384213
1572;18,478284;77,396723
1573;18,490481;77,398941
1574;18,457236;77,397677
1575;18,481318;77,40743
1576;18,484046;77,379705
1577;18,500523;77,381313
1578;18,484399;77,386178
1579;18,483242;77,397357
1580;18,469563;77,387157
1581;18,469655;77,406158
1582;18,456218;77,389074
1583;18,477993;77,385206
1584;18,472147;77,398526
1585;18,493514;77,396195
1586;18,480749;77,397805
1587;18,490448;77,388757
1588;18,481834;77,40517
1589;18,478186;77,385154
1590;18,483861;77,371781
1591;18,480483;77,381717
1592;18,457016;77,38383
1593;18,4853;77,39391
1594;18,476785;77,393244
1595;18,476599;77,394762
1596;18,463503;77,394546
1597;18,468786;77,391215
1598;18,488641;77,389557
1599;18,478656;77,38188
1600;18,467567;77,374186
1601;18,466911;77,382832
1602;18,478286;77,380143
1603;18,48575;77,397845
1604;18,462572;77,386113
1605;18,481374;77,396298
1606;18,483868;77,390069
1607;18,477235;77,38675
1608;18,471931;77,387737
1609;18,471185;77,409893
1610;18,481231;77,388949
1611;18,484315;77,396914
1612;18,45162;77,395657
1613;18,484736;77,38822
1614;18,470347;77,37922
1615;18,481826;77,390258
1616;18,479457;77,37966
1617;18,497325;77,394918
1618;18,476085;77,391172
1619;18,479873;77,385663
1620;18,480226;77,398655
1621;18,463738;77,390368
1622;18,473276;77,384019
1623;18,467067;77,401522
1624;18,482298;77,367006
1625;18,477885;77,395635
1626;18,494369;77,396809
1627;18,49041;77,380147
1628;18,480139;77,394843
1629;18,4663;77,395952
1630;18,476565;77,398433
1631;18,481854;77,408126
1632;18,469795;77,392754
1633;18,481097;77,380812
1634;18,467861;77,394186
1635;18,477225;77,405036
1636;18,465591;77,404262
1637;18,487457;77,394771
1638;18,503835;77,375177
1639;18,481773;77,412695
1640;18,462836;77,397601
1641;18,477958;77,377523
1642;18,478659;77,366591
1643;18,474099;77,39209
1644;18,470466;77,412153
1645;18,492618;77,393089
1646;18,484774;77,395301
1647;18,491459;77,389068
1648;18,466104;77,408083
1649;18,496291;77,387088
1650;18,480522;77,383403
1651;18,481304;77,392485
1652;18,474508;77,40485
1653;18,477231;77,394485
1654;18,484698;77,385816
1655;18,47791;77,375509
1656;18,481895;77,380849
1657;18,48704;77,391374
1658;18,471573;77,404341
1659;18,472381;77,380843
1660;18,489112;77,397295
1661;18,479416;77,37903
1662;18,481621;77,385152
1663;18,477115;77,38642
1664;18,472585;77,376129
1665;18,482283;77,403377
1666;18,482426;77,373151
1667;18,468907;77,365715
1668;18,491251;77,390407
1669;18,487839;77,386875
1670;18,460342;77,400289
1671;18,48764;77,39679
1672;18,495193;77,404474
1673;18,476952;77,376927
1674;18,478405;77,414704
1675;18,476013;77,407117
1676;18,47769;77,395141
1677;18,491933;77,404948
1678;18,476461;77,40856
1679;18,483466;77,402454
1680;18,492539;77,370784
1681;18,485767;77,401646
1682;18,474042;77,383688
1683;18,480065;77,401364
1684;18,482958;77,371186
1685;18,482695;77,40475
1686;18,485891;77,386318
1687;18,472895;77,387686
1688;18,484362;77,399394
1689;18,48533;77,382158
1690;18,480096;77,404386
1691;18,479661;77,388135
1692;18,481622;77,379036
1693;18,476698;77,379603
1694;18,471644;77,376038
1695;18,464871;77,404647
1696;18,475766;77,39071
1697;18,490491;77,379946
1698;18,478927;77,397633
1699;18,460957;77,366101
1700;18,497889;77,381943
1701;18,472325;77,388615
1702;18,470271;77,37264
1703;18,495967;77,380469
1704;18,468096;77,378845
1705;18,483028;77,399114
1706;18,486132;77,397828
1707;18,486566;77,378948
1708;18,487189;77,387364
1709;18,46732;77,388267
1710;18,487609;77,401568
1711;18,472352;77,389166
1712;18,50416;77,40138
1713;18,474316;77,378621
1714;18,488894;77,390546
1715;18,488587;77,394811
1716;18,47669;77,414891
1717;18,458269;77,383645
1718;18,49026;77,382809
1719;18,48679;77,38031
1720;18,48558;77,372243
1721;18,484871;77,395685
1722;18,480244;77,380164
1723;18,458959;77,374547
1724;18,469072;77,393707
1725;18,455417;77,373183
1726;18,467712;77,39449
1727;18,485136;77,378901
1728;18,495397;77,392131
1729;18,474501;77,398297
1730;18,490848;77,397304
1731;18,482362;77,408407
1732;18,484328;77,40573
1733;18,469665;77,393367
1734;18,487342;77,386375
1735;18,489128;77,398669
1736;18,475221;77,39146
1737;18,465112;77,4137
1738;18,480961;77,38635
1739;18,459441;77,3803
1740;18,485189;77,379121
1741;18,465232;77,399418
1742;18,482317;77,399287
1743;18,489586;77,398254
1744;18,48231;77,395064
1745;18,484965;77,402045
1746;18,48311;77,379358
1747;18,478361;77,393464
1748;18,475932;77,390929
1749;18,469679;77,392732
1750;18,495722;77,391449
1751;18,480975;77,384693
1752;18,475754;77,388531
1753;18,481951;77,399022
1754;18,475782;77,389998
1755;18,471168;77,412936
1756;18,472764;77,383172
1757;18,482949;77,393553
1758;18,488866;77,392708
1759;18,491777;77,390657
1760;18,475309;77,393103
1761;18,476485;77,39709
1762;18,483566;77,383984
1763;18,482294;77,394242
1764;18,489564;77,385685
1765;18,484043;77,382915
1766;18,482567;77,380745
1767;18,489411;77,394819
1768;18,479041;77,388253
1769;18,478682;77,396839
1770;18,4854;77,400225
1771;18,47454;77,387437
1772;18,473362;77,383356
1773;18,463212;77,393164
1774;18,48599;77,384463
1775;18,489185;77,388206
1776;18,472566;77,387236
1777;18,483298;77,391617
1778;18,463292;77,383602
1779;18,472887;77,378861
1780;18,474239;77,404366
1781;18,485059;77,402599
1782;18,484796;77,369423
1783;18,490788;77,384784
1784;18,494698;77,39869
1785;18,495513;77,403552
1786;18,473975;77,376716
1787;18,490529;77,392767
1788;18,487688;77,405412
1789;18,467848;77,39894
1790;18,460567;77,373945
1791;18,472634;77,397867
1792;18,471035;77,392954
1793;18,493772;77,378128
1794;18,480437;77,404712
1795;18,469367;77,388531
1796;18,475826;77,391353
1797;18,475827;77,391808
1798;18,493816;77,384131
1799;18,481255;77,385909
1800;18,47459;77,394852
1801;18,48007;77,399697
1802;18,476401;77,402855
1803;18,473629;77,383825
1804;18,472936;77,393786
1805;18,471625;77,406392
1806;18,472733;77,389867
1807;18,47547;77,389249
1808;18,469381;77,39517
1809;18,492445;77,409137
1810;18,4713;77,38966
1811;18,485887;77,387272
1812;18,475431;77,376033
1813;18,47947;77,393595
1814;18,479649;77,360849
1815;18,497368;77,388024
1816;18,473091;77,375356
1817;18,497293;77,397609
1818;18,46426;77,382393
1819;18,491586;77,398843
1820;18,476948;77,377546
1821;18,47713;77,410687
1822;18,484408;77,394851
1823;18,471797;77,36388
1824;18,473941;77,367319
1825;18,496301;77,394498
1826;18,493108;77,387393
1827;18,461688;77,402544
1828;18,488659;77,395021
1829;18,480528;77,383254
1830;18,479616;77,405831
1831;18,470565;77,380463
1832;18,477612;77,400373
1833;18,471863;77,407479
1834;18,465615;77,395811
1835;18,46297;77,388424
1836;18,477797;77,390688
1837;18,489218;77,408042
1838;18,48419;77,383783
1839;18,48348;77,376261
1840;18,485243;77,385183
1841;18,480273;77,398646
1842;18,488531;77,390986
1843;18,488113;77,379623
1844;18,47052;77,400036
1845;18,474039;77,398284
1846;18,479722;77,382774
1847;18,487587;77,398573
1848;18,473062;77,372387
1849;18,490463;77,39393
1850;18,477596;77,393119
1851;18,464632;77,398032
1852;18,484884;77,39803
1853;18,475173;77,382899
1854;18,476032;77,391435
1855;18,47867;77,401618
1856;18,485187;77,389246
1857;18,466094;77,406906
1858;18,463505;77,386091
1859;18,483162;77,396582
1860;18,494037;77,397203
1861;18,468555;77,393125
1862;18,489392;77,394222
1863;18,463078;77,40479
1864;18,496645;77,371791
1865;18,461505;77,392113
1866;18,472348;77,375864
1867;18,473628;77,396425
1868;18,485669;77,400941
1869;18,479229;77,390042
1870;18,477296;77,399817
1871;18,493532;77,386669
1872;18,500297;77,382087
1873;18,475245;77,390411
1874;18,475385;77,387911
1875;18,458;77,392918
1876;18,483274;77,381899
1877;18,485871;77,386508
1878;18,485231;77,373125
1879;18,487286;77,3967
1880;18,471367;77,382984
1881;18,482375;77,387794
1882;18,489806;77,396882
1883;18,488837;77,400684
1884;18,477578;77,402096
1885;18,497798;77,381721
1886;18,472328;77,40231
1887;18,465254;77,370203
1888;18,493614;77,388406
1889;18,484852;77,383486
1890;18,474492;77,393227
1891;18,479709;77,387976
1892;18,494734;77,388331
1893;18,489139;77,382926
1894;18,500864;77,39373
1895;18,488455;77,386095
1896;18,48058;77,38718
1897;18,457971;77,380539
1898;18,490264;77,387365
1899;18,486966;77,378102
1900;18,484707;77,395816
1901;18,487665;77,374689
1902;18,480008;77,401132
1903;18,494411;77,391606
1904;18,503313;77,385242
1905;18,474545;77,378679
1906;18,489321;77,412884
1907;18,47477;77,392555
1908;18,512355;77,395811
1909;18,492856;77,398775
1910;18,476534;77,374737
1911;18,481347;77,374134
1912;18,480112;77,403412
1913;18,480389;77,390825
1914;18,48075;77,383053
1915;18,47739;77,396614
1916;18,47739;77,37418
1917;18,48166;77,394272
1918;18,482915;77,394443
1919;18,477487;77,394277
1920;18,476168;77,390806
1921;18,488854;77,387402
1922;18,471472;77,405604
1923;18,469821;77,408635
1924;18,470688;77,4134
1925;18,482546;77,385535
1926;18,485702;77,39235
1927;18,484467;77,403211
1928;18,498421;77,3949
1929;18,483496;77,402683
1930;18,459766;77,401423
1931;18,478287;77,393968
1932;18,47824;77,401912
1933;18,471253;77,374712
1934;18,498872;77,39245
1935;18,487153;77,394076
1936;18,487424;77,391597
1937;18,466011;77,382372
1938;18,4902;77,36827
1939;18,482809;77,385665
1940;18,48169;77,374535
1941;18,504551;77,391277
1942;18,482758;77,384588
1943;18,476436;77,390975
1944;18,470528;77,373175
1945;18,491974;77,39878
1946;18,473872;77,381758
1947;18,464205;77,415
1948;18,485201;77,374675
1949;18,492426;77,372457
1950;18,479237;77,39986
1951;18,474491;77,376025
1952;18,463843;77,392852
1953;18,473844;77,404436
1954;18,475469;77,397332
1955;18,466528;77,394476
1956;18,47921;77,366145
1957;18,46169;77,390119
1958;18,469336;77,391763
1959;18,476925;77,400422
1960;18,485102;77,394474
1961;18,492198;77,365634
1962;18,472916;77,389245
1963;18,480723;77,377933
1964;18,480031;77,396882
1965;18,47341;77,414955
1966;18,470251;77,391055
1967;18,47832;77,378335
1968;18,475426;77,384611
1969;18,481851;77,410249
1970;18,503276;77,389198
1971;18,470618;77,383631
1972;18,486569;77,396834
1973;18,479741;77,380089
1974;18,491796;77,38288
1975;18,467133;77,390937
1976;18,48994;77,396403
1977;18,476652;77,39112
1978;18,467783;77,395226
1979;18,486365;77,398537
1980;18,47081;77,401736
1981;18,486863;77,383615
1982;18,471151;77,409158
1983;18,477359;77,377941
1984;18,477146;77,389803
1985;18,459636;77,408511
1986;18,476203;77,391928
1987;18,485168;77,387745
1988;18,483494;77,378277
1989;18,477123;77,366936
1990;18,488508;77,395807
1991;18,468148;77,383108
1992;18,482222;77,410371
1993;18,491543;77,369301
1994;18,482907;77,384553
1995;18,487903;77,394439
1996;18,483987;77,392332
1997;18,490424;77,377994
1998;18,467424;77,387284
1999;18,47279;77,397136
2000;18,477273;77,388804
